{
	"format_version": "1.8.0",
	"animations": {
		"animation.mimictac_item.mimic1": {
			"loop": true,
			"animation_length": 6.04167,
			"bones": {
				"mimic1": {
					"rotation": {
						"0.0": [7.85085, -31.63886, -14.72765],
						"6.0417": [7.85, -31.64, -374.73]
					},
					"position": [0, 0, 0],
					"scale": {
						"3.5417": [1, 1, 1],
						"3.5833": {
							"pre": [1, 1, 1],
							"post": [1.8, 1.8, 1.8]
						},
						"3.6667": {
							"pre": [1.8, 1.8, 1.8],
							"post": [1, 1, 1]
						},
						"3.75": {
							"pre": [1, 1, 1],
							"post": [2.5, 2.5, 2.5]
						},
						"3.7917": {
							"pre": [2.5, 2.5, 2.5],
							"post": [1, 1, 1]
						},
						"3.9583": {
							"pre": [1, 1, 1],
							"post": [3, 3, 3]
						},
						"4.0": {
							"pre": [3, 3, 3],
							"post": [1, 1, 1]
						},
						"4.2083": {
							"pre": [1, 1, 1],
							"post": [2, 2, 2]
						},
						"4.2917": {
							"pre": [2, 2, 2],
							"post": [1, 1, 1]
						}
					}
				},
				"mimic2": {
					"rotation": {
						"0.0": [0, 0, 0],
						"6.0417": [0, -360, 0]
					},
					"position": {
						"1.1667": [0, 0, 0],
						"1.25": {
							"pre": [0, 0, 0],
							"post": [0, 0.25, 0]
						},
						"1.3333": {
							"pre": [0, 0.25, 0],
							"post": [0, 0, 0]
						},
						"1.4167": {
							"pre": [0, 0, 0],
							"post": [0, 0, 1.25]
						},
						"1.4583": {
							"pre": [0, 0, 1.25],
							"post": [-4.5, 0, 0]
						},
						"1.5417": {
							"pre": [-4.5, 0, 0],
							"post": [0, 0, 0]
						},
						"1.625": {
							"pre": [0, 0, 0],
							"post": [0, 0, -1.75]
						},
						"1.7083": {
							"pre": [0, 0, -1.75],
							"post": [0, 0.75, 0]
						},
						"1.7917": {
							"pre": [0, 0.75, 0],
							"post": [0, 0, 0]
						}
					}
				},
				"mimic3": {
					"rotation": {
						"4.2917": [0, 0, 0],
						"4.4583": {
							"pre": [0, 0, 0],
							"post": [0, 0, 57.5]
						},
						"4.625": {
							"pre": [0, 0, 57.5],
							"post": [0, 0, -52.5]
						},
						"4.7917": {
							"pre": [0, 0, -52.5],
							"post": [0, -50, 0]
						},
						"4.9167": {
							"pre": [0, -50, 0],
							"post": [-38.16584, -9.88744, 7.68615]
						},
						"5.0833": {
							"pre": [-38.16584, -9.88744, 7.68615],
							"post": [0, 32.5, -25]
						},
						"5.25": {
							"pre": [0, 32.5, -25],
							"post": [31.01004, -26.32776, -44.92735]
						},
						"5.4167": {
							"pre": [31.01004, -26.32776, -44.92735],
							"post": [0, 0, 0]
						}
					},
					"scale": {
						"0.0": {
							"post": [1, 1, 1],
							"lerp_mode": "catmullrom"
						},
						"3.25": {
							"post": [0.8, 0.8, 0.8],
							"lerp_mode": "catmullrom"
						},
						"6.0417": [1, 1, 1]
					}
				},
				"mimic4": {
					"rotation": {
						"0.0": {
							"post": [0, 0, 0],
							"lerp_mode": "catmullrom"
						},
						"2.125": {
							"post": [42.5, 0, 70],
							"lerp_mode": "catmullrom"
						},
						"6.0417": [0, 0, 360]
					},
					"scale": {
						"2.2917": [1, 1, 1],
						"2.375": {
							"pre": [1, 1, 1],
							"post": [1, 2, 1]
						},
						"2.4583": {
							"pre": [1, 2, 1],
							"post": [1, 1, 3]
						},
						"2.5417": {
							"pre": [1, 1, 3],
							"post": [1, 1, 1]
						},
						"2.625": {
							"pre": [1, 1, 1],
							"post": [5, 1, 1]
						},
						"2.6667": {
							"pre": [5, 1, 1],
							"post": [1, 2, 1]
						},
						"2.75": {
							"pre": [1, 2, 1],
							"post": [1, 0.5, 1]
						},
						"2.8333": {
							"pre": [1, 0.5, 1],
							"post": [3, 1, 1]
						},
						"2.9167": {
							"pre": [3, 1, 1],
							"post": [1, 1, 1]
						}
					}
				}
			}
		},
		"animation.mimictac_item.mimic2": {
			"loop": true,
			"animation_length": 5,
			"loop_delay": "math.random(0,5)",
			"bones": {
				"mimic1": {
					"rotation": {
						"0.0": [7.85085, -31.63886, -14.72765],
						"5.0": [7.85, -31.64, -374.73]
					},
					"position": [0, 0, 0],
					"scale": {
						"2.9583": [1, 1, 1],
						"3.0417": {"pre": [1, 1, 1], "post": [1, 1, 1]},
						"3.125": {"pre": [1, 1, 1], "post": [2.5, 2.5, 2.5]},
						"3.1667": {"pre": [2.5, 2.5, 2.5], "post": [1, 1, 1]},
						"3.2917": {"pre": [1, 1, 1], "post": [3, 3, 3]},
						"3.3333": {"pre": [3, 3, 3], "post": [1, 1, 1]},
						"3.5": {"pre": [1, 1, 1], "post": [2, 2, 2]},
						"3.5417": {"pre": [2, 2, 2], "post": [1, 1, 1]}
					}
				},
				"mimic2": {
					"rotation": {
						"0.0": [0, 0, 0],
						"5.0": [0, -360, 0]
					},
					"position": {
						"0.9583": [0, 0, 0],
						"1.0417": {"pre": [0, 0, 0], "post": [0, 0.25, 0]},
						"1.125": {"pre": [0, 0.25, 0], "post": [0, 0, 0]},
						"1.1667": {"pre": [0, 0, 0], "post": [0, 0, 1.25]},
						"1.2083": {"pre": [0, 0, 1.25], "post": [-4.5, 0, 0]},
						"1.2917": {"pre": [-4.5, 0, 0], "post": [0, 0, 0]},
						"1.3333": {"pre": [0, 0, 0], "post": [0, 0, -1.75]},
						"1.4167": {"pre": [0, 0, -1.75], "post": [0, 0.75, 0]},
						"1.5": {"pre": [0, 0.75, 0], "post": [0, 0, 0]}
					}
				},
				"mimic3": {
					"rotation": {
						"3.5417": [0, 0, 0],
						"3.7083": {"pre": [0, 0, 0], "post": [0, 0, 57.5]},
						"3.8333": {"pre": [0, 0, 57.5], "post": [0, 0, -52.5]},
						"3.9583": {"pre": [0, 0, -52.5], "post": [0, -50, 0]},
						"4.0833": {"pre": [0, -50, 0], "post": [-38.16584, -9.88744, 7.68615]},
						"4.2083": {"pre": [-38.16584, -9.88744, 7.68615], "post": [0, 32.5, -25]},
						"4.375": {"pre": [0, 32.5, -25], "post": [31.01004, -26.32776, -44.92735]},
						"4.5": {"pre": [31.01004, -26.32776, -44.92735], "post": [0, 0, 0]}
					},
					"scale": {
						"0.0": {
							"post": [1, 1, 1],
							"lerp_mode": "catmullrom"
						},
						"2.7083": {
							"post": [2, 2, 2],
							"lerp_mode": "catmullrom"
						},
						"5.0": [1, 1, 1]
					}
				},
				"mimic4": {
					"rotation": {
						"0.0": {
							"post": [0, 0, 0],
							"lerp_mode": "catmullrom"
						},
						"1.75": {
							"post": [42.5, 0, 70],
							"lerp_mode": "catmullrom"
						},
						"5.0": [0, 0, 360]
					},
					"scale": {
						"1.9167": [1, 1, 1],
						"1.9583": {"pre": [1, 1, 1], "post": [1, 2, 1]},
						"2.0417": {"pre": [1, 2, 1], "post": [1, 1, 3]},
						"2.125": {"pre": [1, 1, 3], "post": [1, 1, 1]},
						"2.1667": {"pre": [1, 1, 1], "post": [5, 1, 1]},
						"2.2083": {"pre": [5, 1, 1], "post": [1, 2, 1]},
						"2.2917": {"pre": [1, 2, 1], "post": [1, 0.5, 1]},
						"2.3333": {"pre": [1, 0.5, 1], "post": [3, 1, 1]},
						"2.4167": {"pre": [3, 1, 1], "post": [1, 1, 1]}
					}
				}
			}
		}
	}
}